,average,std,count,button location,compensated_average
1,-61,0,98,6,-59
2,,0,0,7,2
3,-55.02409639,0.154280677,83,11,-53.02409639
4,-54,0,71,16,-52