,average,std,count,location(cm)
1,-52.01111111,0.105409255,90,1
2,-56,0,103,5
3,-61,0,98,6
4,,0,0,7
5,-57,0,90,10
6,-54,0,71,16